﻿USE MAKIROVIC

SELECT * FROM regions

CREATE TABLE regions (
    REGION_ID INT PRIMARY KEY,
    REGION_NAME VARCHAR(25)
);
INSERT INTO regions (REGION_ID, REGION_NAME) VALUES (1, 'Avropa');
INSERT INTO regions (REGION_ID, REGION_NAME) VALUES (2, 'Asiya');
INSERT INTO regions (REGION_ID, REGION_NAME) VALUES (3, 'Afrika');
INSERT INTO regions (REGION_ID, REGION_NAME) VALUES (4, 'Şimali Amerika');
INSERT INTO regions (REGION_ID, REGION_NAME) VALUES (5, 'Cənubi Amerika');


SELECT * FROM countries


CREATE TABLE countries (
    COUNTRY_ID CHAR(2) PRIMARY KEY,
    COUNTRY_NAME VARCHAR(40),
    REGION_ID INT,
    FOREIGN KEY (REGION_ID) REFERENCES regions(REGION_ID)
);
INSERT INTO countries (COUNTRY_ID, COUNTRY_NAME, REGION_ID) VALUES ('AZ', 'Azərbaycan', 2);
INSERT INTO countries (COUNTRY_ID, COUNTRY_NAME, REGION_ID) VALUES ('TR', 'Türkiyə', 2);
INSERT INTO countries (COUNTRY_ID, COUNTRY_NAME, REGION_ID) VALUES ('FR', 'Fransa', 1);
INSERT INTO countries (COUNTRY_ID, COUNTRY_NAME, REGION_ID) VALUES ('EG', 'Misir', 3);
INSERT INTO countries (COUNTRY_ID, COUNTRY_NAME, REGION_ID) VALUES ('US', 'ABŞ', 4);


SELECT * FROM locations

CREATE TABLE locations (
    LOCATION_ID INT PRIMARY KEY,
    STREET_ADDRESS VARCHAR(25),
    POSTAL_CODE VARCHAR(12),
    CITY VARCHAR(30),
    STATE_PROVINCE VARCHAR(12),
    COUNTRY_ID CHAR(2),
    FOREIGN KEY (COUNTRY_ID) REFERENCES countries(COUNTRY_ID)
);
INSERT INTO locations (LOCATION_ID, STREET_ADDRESS, POSTAL_CODE, CITY, STATE_PROVINCE, COUNTRY_ID) VALUES (1001, 'Nizami küçəsi', 'AZ1000', 'Bakı', 'Bakı', 'AZ');
INSERT INTO locations (LOCATION_ID, STREET_ADDRESS, POSTAL_CODE, CITY, STATE_PROVINCE, COUNTRY_ID) VALUES (1002, 'İstiqlal küçəsi', 'TR3400', 'İstanbul', 'İstanbul', 'TR');
INSERT INTO locations (LOCATION_ID, STREET_ADDRESS, POSTAL_CODE, CITY, STATE_PROVINCE, COUNTRY_ID) VALUES (1003, 'Şanzelize', 'FR75000', 'Paris', 'Paris', 'FR');
INSERT INTO locations (LOCATION_ID, STREET_ADDRESS, POSTAL_CODE, CITY, STATE_PROVINCE, COUNTRY_ID) VALUES (1004, 'Nil küçəsi', 'EG1000', 'Qahirə', 'Qahirə', 'EG');
INSERT INTO locations (LOCATION_ID, STREET_ADDRESS, POSTAL_CODE, CITY, STATE_PROVINCE, COUNTRY_ID) VALUES (1005, 'Broadway', 'US1001', 'Nyu York', 'Nyu York', 'US');


SELECT * FROM departments

CREATE TABLE departments (
    DEPARTMENT_ID INT PRIMARY KEY,
    DEPARTMENT_NAME VARCHAR(30),
    MANAGER_ID INT,
    LOCATION_ID INT,
    FOREIGN KEY (LOCATION_ID) REFERENCES locations(LOCATION_ID)
);
INSERT INTO departments (DEPARTMENT_ID, DEPARTMENT_NAME, MANAGER_ID, LOCATION_ID) VALUES (10, 'Maliyyə', NULL, 1001);
INSERT INTO departments (DEPARTMENT_ID, DEPARTMENT_NAME, MANAGER_ID, LOCATION_ID) VALUES (20, 'İnsan Resursları', NULL, 1002);
INSERT INTO departments (DEPARTMENT_ID, DEPARTMENT_NAME, MANAGER_ID, LOCATION_ID) VALUES (30, 'Satış', NULL, 1003);
INSERT INTO departments (DEPARTMENT_ID, DEPARTMENT_NAME, MANAGER_ID, LOCATION_ID) VALUES (40, 'Təhlükəsizlik', NULL, 1004);
INSERT INTO departments (DEPARTMENT_ID, DEPARTMENT_NAME, MANAGER_ID, LOCATION_ID) VALUES (50, 'Marketinq', NULL, 1005);


SELECT * FROM employees

CREATE TABLE employees (
    EMPLOYEE_ID INT PRIMARY KEY,
    FIRST_NAME VARCHAR(20),
    LAST_NAME VARCHAR(25),
    EMAIL VARCHAR(25),
    PHONE_NUMBER VARCHAR(20),
    HIRE_DATE DATE,
    JOB_ID VARCHAR(10),
    SALARY DECIMAL(8, 2),
    COMMISSION_PCT DECIMAL(2, 2),
    MANAGER_ID INT,
    DEPARTMENT_ID INT,
    FOREIGN KEY (DEPARTMENT_ID) REFERENCES departments(DEPARTMENT_ID)
);
INSERT INTO employees (EMPLOYEE_ID, FIRST_NAME, LAST_NAME, EMAIL, PHONE_NUMBER, HIRE_DATE, JOB_ID, SALARY, COMMISSION_PCT, MANAGER_ID, DEPARTMENT_ID) VALUES (1, 'Elçin', 'Hüseynov', 'elchin.h@company.com', '+994501234567', '2020-01-01', 'IT_PROG', 3000.00, NULL, NULL, 10);
INSERT INTO employees (EMPLOYEE_ID, FIRST_NAME, LAST_NAME, EMAIL, PHONE_NUMBER, HIRE_DATE, JOB_ID, SALARY, COMMISSION_PCT, MANAGER_ID, DEPARTMENT_ID) VALUES (2, 'Zeynəb', 'Quliyeva', 'zeynab.q@company.com', '+994701234567', '2021-03-15', 'HR_MAN', 2500.00, NULL, 1, 20);
INSERT INTO employees (EMPLOYEE_ID, FIRST_NAME, LAST_NAME, EMAIL, PHONE_NUMBER, HIRE_DATE, JOB_ID, SALARY, COMMISSION_PCT, MANAGER_ID, DEPARTMENT_ID) VALUES (3, 'Murad', 'Abdullayev', 'murad.a@company.com', '+994551234567', '2019-07-10', 'SA_REP', 2200.00, 0.10, 2, 30);
INSERT INTO employees (EMPLOYEE_ID, FIRST_NAME, LAST_NAME, EMAIL, PHONE_NUMBER, HIRE_DATE, JOB_ID, SALARY, COMMISSION_PCT, MANAGER_ID, DEPARTMENT_ID) VALUES (4, 'Leyla', 'Qasımova', 'leyla.q@company.com', '+994501234568', '2018-11-20', 'SE_AD', 4000.00, 0.15, 3, 40);
INSERT INTO employees (EMPLOYEE_ID, FIRST_NAME, LAST_NAME, EMAIL, PHONE_NUMBER, HIRE_DATE, JOB_ID, SALARY, COMMISSION_PCT, MANAGER_ID, DEPARTMENT_ID) VALUES (5, 'Turan', 'İsmayılov', 'turan.i@company.com', '+994551234569', '2022-02-01', 'MK_REP', 2700.00, NULL, 4, 50);


SELECT * FROM jobs

CREATE TABLE jobs (
    JOB_ID VARCHAR(10) PRIMARY KEY,
    JOB_TITLE VARCHAR(35),
    MIN_SALARY DECIMAL(8, 2),
    MAX_SALARY DECIMAL(8, 2)
);
INSERT INTO jobs (JOB_ID, JOB_TITLE, MIN_SALARY, MAX_SALARY) VALUES ('IT_PROG', 'İT Proqramçı', 1500.00, 5000.00);
INSERT INTO jobs (JOB_ID, JOB_TITLE, MIN_SALARY, MAX_SALARY) VALUES ('HR_MAN', 'İnsan Resursları Meneceri', 2000.00, 4000.00);
INSERT INTO jobs (JOB_ID, JOB_TITLE, MIN_SALARY, MAX_SALARY) VALUES ('SA_REP', 'Satış Nümayəndəsi', 1800.00, 3500.00);
INSERT INTO jobs (JOB_ID, JOB_TITLE, MIN_SALARY, MAX_SALARY) VALUES ('SE_AD', 'Təhlükəsizlik Administratoru', 3000.00, 6000.00);
INSERT INTO jobs (JOB_ID, JOB_TITLE, MIN_SALARY, MAX_SALARY) VALUES ('MK_REP', 'Marketinq Nümayəndəsi', 1700.00, 3200.00);


SELECT * FROM job_history

CREATE TABLE job_history (
    EMPLOYEE_ID INT,
    START_DATE DATE,
    END_DATE DATE,
    JOB_ID VARCHAR(10),
    DEPARTMENT_ID INT,
    PRIMARY KEY (EMPLOYEE_ID, START_DATE),
    FOREIGN KEY (EMPLOYEE_ID) REFERENCES employees(EMPLOYEE_ID),
    FOREIGN KEY (JOB_ID) REFERENCES jobs(JOB_ID),
    FOREIGN KEY (DEPARTMENT_ID) REFERENCES departments(DEPARTMENT_ID)
);
INSERT INTO job_history (EMPLOYEE_ID, START_DATE, END_DATE, JOB_ID, DEPARTMENT_ID) VALUES (1, '2018-01-01', '2019-12-31', 'SA_REP', 30);
INSERT INTO job_history (EMPLOYEE_ID, START_DATE, END_DATE, JOB_ID, DEPARTMENT_ID) VALUES (2, '2019-01-15', '2020-03-15', 'HR_MAN', 20);
INSERT INTO job_history (EMPLOYEE_ID, START_DATE, END_DATE, JOB_ID, DEPARTMENT_ID) VALUES (3, '2017-06-01', '2018-06-01', 'MK_REP', 50);
INSERT INTO job_history (EMPLOYEE_ID, START_DATE, END_DATE, JOB_ID, DEPARTMENT_ID) VALUES (4, '2016-08-10', '2018-10-20', 'SE_AD', 40);
INSERT INTO job_history (EMPLOYEE_ID, START_DATE, END_DATE, JOB_ID, DEPARTMENT_ID) VALUES (5, '2021-01-01', '2022-01-31', 'IT_PROG', 10);


SELECT * FROM job_grades

CREATE TABLE job_grades (
    GRADE_LEVEL VARCHAR(2) PRIMARY KEY,
    LOWEST_SAL DECIMAL(8, 2),
    HIGHEST_SAL DECIMAL(8, 2)
);
INSERT INTO job_grades (GRADE_LEVEL, LOWEST_SAL, HIGHEST_SAL) VALUES ('A', 1500.00, 3000.00);
INSERT INTO job_grades (GRADE_LEVEL, LOWEST_SAL, HIGHEST_SAL) VALUES ('B', 3000.00, 4500.00);
INSERT INTO job_grades (GRADE_LEVEL, LOWEST_SAL, HIGHEST_SAL) VALUES ('C', 4500.00, 6000.00);
INSERT INTO job_grades (GRADE_LEVEL, LOWEST_SAL, HIGHEST_SAL) VALUES ('D', 6000.00, 7500.00);
INSERT INTO job_grades (GRADE_LEVEL, LOWEST_SAL, HIGHEST_SAL) VALUES ('E', 7500.00, 900)